id,Title,Content,Categories,"Image URL"
2066,"Lorem ipsum dolor sit amet","<strong>Suspendisse ac quam sed massa tincidunt blandit. Cras aliquam mi sit amet justo rutrum, at dignissim massa gravida.</strong>

Donec eu libero aliquet, porttitor lacus elementum, sagittis dui. Pellentesque lacus lacus, efficitur ut rutrum vel, feugiat sit amet dui. Ut sed libero luctus, molestie augue et, vehicula odio. Phasellus feugiat risus mauris, in accumsan ipsum mollis vel. Nulla cursus dui ut ante volutpat, quis ultrices velit elementum. Vivamus ullamcorper velit.","Fashion|Web design",http://local.wp1.com/wp-content/uploads/2014/12/610x400.png
2079,"Pellentesque habitant morbi","<strong>Suspendisse ac quam sed massa tincidunt blandit. Cras aliquam mi sit amet justo rutrum, at dignissim massa gravida.</strong>

Donec eu libero aliquet, porttitor lacus elementum, sagittis dui. Pellentesque lacus lacus, efficitur ut rutrum vel, feugiat sit amet dui. Ut sed libero luctus, molestie augue et, vehicula odio. Phasellus feugiat risus mauris, in accumsan ipsum mollis vel. Nulla cursus dui ut ante volutpat, quis ultrices velit elementum. Vivamus ullamcorper velit.","Graphics|Web design",http://local.wp1.com/wp-content/uploads/2014/12/610x400.png
2080,"Donec ut lobortis metus","<strong>Suspendisse ac quam sed massa tincidunt blandit. Cras aliquam mi sit amet justo rutrum, at dignissim massa gravida.</strong>

Donec eu libero aliquet, porttitor lacus elementum, sagittis dui. Pellentesque lacus lacus, efficitur ut rutrum vel, feugiat sit amet dui. Ut sed libero luctus, molestie augue et, vehicula odio. Phasellus feugiat risus mauris, in accumsan ipsum mollis vel. Nulla cursus dui ut ante volutpat, quis ultrices velit elementum. Vivamus ullamcorper velit.","Fashion|Graphics|Photography|Web design",http://local.wp1.com/wp-content/uploads/2014/12/610x400.png
2081,"Nulla sed faucibus urna","<strong>Suspendisse ac quam sed massa tincidunt blandit. Cras aliquam mi sit amet justo rutrum, at dignissim massa gravida.</strong>

Donec eu libero aliquet, porttitor lacus elementum, sagittis dui. Pellentesque lacus lacus, efficitur ut rutrum vel, feugiat sit amet dui. Ut sed libero luctus, molestie augue et, vehicula odio. Phasellus feugiat risus mauris, in accumsan ipsum mollis vel. Nulla cursus dui ut ante volutpat, quis ultrices velit elementum. Vivamus ullamcorper velit.","Graphics|Photography|Sports|Web design",http://local.wp1.com/wp-content/uploads/2014/12/610x400.png
2082,"Phasellus fringilla malesuada","<strong>Suspendisse ac quam sed massa tincidunt blandit. Cras aliquam mi sit amet justo rutrum, at dignissim massa gravida.</strong>

Donec eu libero aliquet, porttitor lacus elementum, sagittis dui. Pellentesque lacus lacus, efficitur ut rutrum vel, feugiat sit amet dui. Ut sed libero luctus, molestie augue et, vehicula odio. Phasellus feugiat risus mauris, in accumsan ipsum mollis vel. Nulla cursus dui ut ante volutpat, quis ultrices velit elementum. Vivamus ullamcorper velit.","Photography|Web design",http://local.wp1.com/wp-content/uploads/2014/12/610x400.png
2083,"Quisque dapibus diam et dui","<strong>Suspendisse ac quam sed massa tincidunt blandit. Cras aliquam mi sit amet justo rutrum, at dignissim massa gravida.</strong>

Donec eu libero aliquet, porttitor lacus elementum, sagittis dui. Pellentesque lacus lacus, efficitur ut rutrum vel, feugiat sit amet dui. Ut sed libero luctus, molestie augue et, vehicula odio. Phasellus feugiat risus mauris, in accumsan ipsum mollis vel. Nulla cursus dui ut ante volutpat, quis ultrices velit elementum. Vivamus ullamcorper velit.","Fashion|Graphics|Photography|Web design",http://local.wp1.com/wp-content/uploads/2014/12/610x400.png
2084,"Curabitur nec neque vitae justo","<strong>Suspendisse ac quam sed massa tincidunt blandit. Cras aliquam mi sit amet justo rutrum, at dignissim massa gravida.</strong>

Donec eu libero aliquet, porttitor lacus elementum, sagittis dui. Pellentesque lacus lacus, efficitur ut rutrum vel, feugiat sit amet dui. Ut sed libero luctus, molestie augue et, vehicula odio. Phasellus feugiat risus mauris, in accumsan ipsum mollis vel. Nulla cursus dui ut ante volutpat, quis ultrices velit elementum. Vivamus ullamcorper velit.",Fashion|Graphics|Photography|Sports,http://local.wp1.com/wp-content/uploads/2014/12/610x400.png
2085,"Vitae maximus est magna erat","<strong>Suspendisse ac quam sed massa tincidunt blandit. Cras aliquam mi sit amet justo rutrum, at dignissim massa gravida.</strong>

Donec eu libero aliquet, porttitor lacus elementum, sagittis dui. Pellentesque lacus lacus, efficitur ut rutrum vel, feugiat sit amet dui. Ut sed libero luctus, molestie augue et, vehicula odio. Phasellus feugiat risus mauris, in accumsan ipsum mollis vel. Nulla cursus dui ut ante volutpat, quis ultrices velit elementum. Vivamus ullamcorper velit.",Graphics|Photography|Sports,http://local.wp1.com/wp-content/uploads/2014/12/610x400.png
2086,"Sed malesuada dignissim purus","<strong>Suspendisse ac quam sed massa tincidunt blandit. Cras aliquam mi sit amet justo rutrum, at dignissim massa gravida.</strong>

Donec eu libero aliquet, porttitor lacus elementum, sagittis dui. Pellentesque lacus lacus, efficitur ut rutrum vel, feugiat sit amet dui. Ut sed libero luctus, molestie augue et, vehicula odio. Phasellus feugiat risus mauris, in accumsan ipsum mollis vel. Nulla cursus dui ut ante volutpat, quis ultrices velit elementum. Vivamus ullamcorper velit",Fashion|Graphics|Photography|Sports,http://local.wp1.com/wp-content/uploads/2014/12/610x400.png
2088,"Nulla sed faucibus urna","<strong>Suspendisse ac quam sed massa tincidunt blandit. Cras aliquam mi sit amet justo rutrum, at dignissim massa gravida.</strong>

Donec eu libero aliquet, porttitor lacus elementum, sagittis dui. Pellentesque lacus lacus, efficitur ut rutrum vel, feugiat sit amet dui. Ut sed libero luctus, molestie augue et, vehicula odio. Phasellus feugiat risus mauris, in accumsan ipsum mollis vel. Nulla cursus dui ut ante volutpat, quis ultrices velit elementum. Vivamus ullamcorper velit.",Fashion|Graphics,http://local.wp1.com/wp-content/uploads/2014/12/610x400.png
2089,"Phasellus fringilla malesuada","<strong>Suspendisse ac quam sed massa tincidunt blandit. Cras aliquam mi sit amet justo rutrum, at dignissim massa gravida.</strong>

Donec eu libero aliquet, porttitor lacus elementum, sagittis dui. Pellentesque lacus lacus, efficitur ut rutrum vel, feugiat sit amet dui. Ut sed libero luctus, molestie augue et, vehicula odio. Phasellus feugiat risus mauris, in accumsan ipsum mollis vel. Nulla cursus dui ut ante volutpat, quis ultrices velit elementum. Vivamus ullamcorper velit.","Fashion|Graphics|Photography|Web design",http://local.wp1.com/wp-content/uploads/2014/12/610x400.png
2090,"Ut maximus dui nulla nec","<strong>Suspendisse ac quam sed massa tincidunt blandit. Cras aliquam mi sit amet justo rutrum, at dignissim massa gravida.</strong>

Donec eu libero aliquet, porttitor lacus elementum, sagittis dui. Pellentesque lacus lacus, efficitur ut rutrum vel, feugiat sit amet dui. Ut sed libero luctus, molestie augue et, vehicula odio. Phasellus feugiat risus mauris, in accumsan ipsum mollis vel. Nulla cursus dui ut ante volutpat, quis ultrices velit elementum. Vivamus ullamcorper velit.","Graphics|Photography|Web design",http://local.wp1.com/wp-content/uploads/2014/12/610x400.png
2091,"Nam sollicitudin tellus ac tempus","<strong>Suspendisse ac quam sed massa tincidunt blandit. Cras aliquam mi sit amet justo rutrum, at dignissim massa gravida.</strong>

Donec eu libero aliquet, porttitor lacus elementum, sagittis dui. Pellentesque lacus lacus, efficitur ut rutrum vel, feugiat sit amet dui. Ut sed libero luctus, molestie augue et, vehicula odio. Phasellus feugiat risus mauris, in accumsan ipsum mollis vel. Nulla cursus dui ut ante volutpat, quis ultrices velit elementum. Vivamus ullamcorper velit.",Fashion|Graphics|Photography|Sports,http://local.wp1.com/wp-content/uploads/2014/12/610x400.png
2092,"Eget condimentum odio laoreet","<strong>Suspendisse ac quam sed massa tincidunt blandit. Cras aliquam mi sit amet justo rutrum, at dignissim massa gravida.</strong>

Donec eu libero aliquet, porttitor lacus elementum, sagittis dui. Pellentesque lacus lacus, efficitur ut rutrum vel, feugiat sit amet dui. Ut sed libero luctus, molestie augue et, vehicula odio. Phasellus feugiat risus mauris, in accumsan ipsum mollis vel. Nulla cursus dui ut ante volutpat, quis ultrices velit elementum. Vivamus ullamcorper velit.","Graphics|Photography|Sports|Web design",http://local.wp1.com/wp-content/uploads/2014/12/610x400.png
2093,"Sed malesuada dignissim purus","<strong>Suspendisse ac quam sed massa tincidunt blandit. Cras aliquam mi sit amet justo rutrum, at dignissim massa gravida.</strong>

Donec eu libero aliquet, porttitor lacus elementum, sagittis dui. Pellentesque lacus lacus, efficitur ut rutrum vel, feugiat sit amet dui. Ut sed libero luctus, molestie augue et, vehicula odio. Phasellus feugiat risus mauris, in accumsan ipsum mollis vel. Nulla cursus dui ut ante volutpat, quis ultrices velit elementum. Vivamus ullamcorper velit.",Sports,http://local.wp1.com/wp-content/uploads/2014/12/610x400.png
2094,"Pellentesque habitant morbi","<strong>Suspendisse ac quam sed massa tincidunt blandit. Cras aliquam mi sit amet justo rutrum, at dignissim massa gravida.</strong>

Donec eu libero aliquet, porttitor lacus elementum, sagittis dui. Pellentesque lacus lacus, efficitur ut rutrum vel, feugiat sit amet dui. Ut sed libero luctus, molestie augue et, vehicula odio. Phasellus feugiat risus mauris, in accumsan ipsum mollis vel. Nulla cursus dui ut ante volutpat, quis ultrices velit elementum. Vivamus ullamcorper velit.",Graphics|Sports,http://local.wp1.com/wp-content/uploads/2014/12/610x400.png
2095,"Quisque dapibus diam et dui","Phasellus fringilla malesuada ligula pulvinar commodo maecenas suscipit auctor sodales an comodous. Divamus consectetur nisl vel ante consectetur sodales.

Quisque dapibus diam et dui scelerisque, eget condimentum odio laoreet. Ut tincidunt, tellus vitae commodo accumsan, libero est mollis risus, vitae maximus est magna non erat.","Fashion|Web design",http://local.wp1.com/wp-content/uploads/2014/12/610x400.png
